order_id,order_date,customer_name,city,region,category,product,quantity,sales,profit,payment_method,customer_rating
ORD0001,22-02-2025,Melissa Williams,Lake Kimberlybury,North,Electronics,Laptop,5,1375.48,116.76,Net Banking,1
ORD0002,15-10-2025,Robert Molina,Williamschester,South,Electronics,Laptop,4,1316.77,264.02,Net Banking,2
ORD0003,05-08-2025,Frank Castillo,Cassandrashire,East,Groceries,Snacks,1,3842.28,345.48,Card,2
ORD0004,26-06-2025,Cassandra Walton,South Jeffreyview,East,Furniture,Sofa,2,645.18,47.86,UPI,4
ORD0005,13-11-2025,John Obrien,Justinton,East,Electronics,Tablet,2,2849.8,733.4,Cash,1
ORD0006,21-02-2025,Darius Sullivan,Lake Christopher,West,Electronics,Mobile,5,4929.06,1300.43,Card,4
ORD0007,26-12-2025,Mary White,South Jeffrey,North,Clothing,Jeans,6,1905.3,414.49,Cash,5
ORD0008,24-11-2025,Katrina Blanchard,Kyleburgh,South,Furniture,Desk,8,2021.39,601.12,Card,1
ORD0009,18-10-2025,Matthew Rosales,Aliciaport,East,Furniture,Chair,6,2125.59,141.45,Cash,4
ORD0010,15-10-2025,Sara Novak,West Joe,East,Groceries,Juice,3,1471.42,164.29,Net Banking,5
ORD0011,10-09-2025,Brett Gonzales,North Lisa,North,Groceries,Snacks,4,4987.16,421.83,UPI,1
ORD0012,02-11-2025,Teresa Gonzales,New Nathan,West,Furniture,Desk,7,3062.76,447.75,Card,5
ORD0013,24-06-2025,Edward Washington,North Keithfort,North,Electronics,Laptop,9,3804.21,921.19,Card,4
ORD0014,15-05-2025,Lynn Mcintyre,Port Ryan,South,Furniture,Table,1,4778.32,1285.19,UPI,3
ORD0015,29-09-2025,Lauren Mcgee,West Michaelfurt,North,Furniture,Desk,6,3860.05,713.51,Card,4
ORD0016,07-06-2025,Jennifer Ritter,New Brittneyberg,South,Electronics,Laptop,6,4417.87,1139.44,UPI,2
ORD0017,30-09-2025,Oscar Blake,North Emily,South,Electronics,Laptop,8,4116.91,1212.41,Cash,4
ORD0018,19-04-2025,Tamara Young,Austinhaven,South,Furniture,Sofa,9,4387.68,683.53,Card,4
ORD0019,02-02-2025,George Flores,Lake Karimouth,East,Clothing,Shoes,9,2367.13,265.06,UPI,5
ORD0020,28-04-2025,Anthony Cox,East Monica,North,Furniture,Desk,1,540.77,112.36,UPI,3
ORD0021,09-03-2025,Kimberly Banks,New Erica,West,Electronics,Mobile,5,3411.09,353.25,Cash,4
ORD0022,05-08-2025,Lindsey Morgan,Stephanieside,West,Groceries,Milk,2,665.27,104.95,Net Banking,1
ORD0023,25-02-2025,Ashley Macias,Port Peter,South,Electronics,Laptop,7,3695.43,924.4,Cash,2
ORD0024,08-02-2025,Matthew Reed,West Jessica,West,Groceries,Milk,7,1080.74,179.03,UPI,1
ORD0025,20-04-2025,Andrew Lindsey,Watsonhaven,West,Electronics,Laptop,4,998.29,171.12,UPI,2
ORD0026,21-08-2025,Miranda Fischer,Griffithborough,East,Groceries,Rice,7,1472.97,362.38,Net Banking,5
ORD0027,24-10-2025,Amanda Kirk,Freemanstad,North,Groceries,Milk,4,1624.2,474.55,Card,1
ORD0028,30-01-2025,Casey Duarte,Tonymouth,North,Electronics,Tablet,9,4613.06,843.18,Cash,1
ORD0029,07-05-2025,Jessica Oneal,Port Michaelshire,North,Electronics,Mobile,7,775.46,211.37,UPI,4
ORD0030,16-05-2025,Bethany Townsend,Richardsshire,West,Clothing,Jacket,4,3414.68,438.94,Cash,3
ORD0031,16-10-2025,Sandra Carter,Angelahaven,North,Groceries,Snacks,2,244.71,50.24,UPI,5
ORD0032,06-05-2025,Ross Campbell,Lake Alexandra,East,Furniture,Sofa,3,4679.65,1264.52,Card,2
ORD0033,28-09-2025,Dr. John Stanley,Yvetteville,North,Groceries,Snacks,10,4922.5,1239.36,Card,1
ORD0034,21-03-2025,Hector Wilkinson,Port Kimberly,East,Furniture,Sofa,2,4470.62,1053.3,Card,5
ORD0035,16-09-2025,Tracey Stevens,West Jeffrey,West,Furniture,Sofa,4,3499.99,921.3,Card,1
ORD0036,08-03-2025,Cory Cruz,South Vanessaside,East,Electronics,Tablet,5,411.62,54.91,Cash,4
ORD0037,18-03-2025,Sabrina Munoz,South Haley,North,Groceries,Rice,2,561.17,151.95,Card,5
ORD0038,21-01-2025,Richard Randall,South Dwaynetown,East,Furniture,Table,3,400.78,56.58,Cash,2
ORD0039,14-11-2025,John Foster,Martinberg,South,Electronics,Headphones,9,4443.85,673.66,Cash,2
ORD0040,30-07-2025,William Ruiz,North Leslieton,South,Furniture,Table,1,1060.93,298.25,Card,2
ORD0041,24-08-2025,Hannah Chandler,Bakerport,East,Electronics,Tablet,1,4321.25,456.36,Card,2
ORD0042,05-02-2025,Mackenzie Griffin,Danielshire,East,Furniture,Chair,4,2112.64,252.78,Card,5
ORD0043,02-04-2025,Emma Lopez,New Mikayla,East,Groceries,Snacks,1,753.64,220.52,UPI,1
ORD0044,01-03-2025,Richard Wolfe,Stevenview,West,Groceries,Snacks,6,2294.69,679.36,Cash,3
ORD0045,18-12-2025,John Mcdonald,North Shannonville,South,Electronics,Tablet,1,2695.62,678.29,Card,4
ORD0046,03-06-2025,Stephanie Walker,Ellisonton,East,Electronics,Headphones,10,1706.8,447.19,Net Banking,3
ORD0047,14-07-2025,Jesse Velasquez,East Dianaview,South,Groceries,Snacks,9,810.98,125.79,Card,4
ORD0048,07-11-2025,Joshua Simmons,New Courtney,East,Electronics,Headphones,5,1208.88,297.92,Net Banking,4
ORD0049,28-03-2025,Sabrina Smith,North Jameshaven,North,Groceries,Milk,9,2471.29,680.33,Card,5
ORD0050,12-04-2025,Carolyn Zhang,New Barbaramouth,South,Clothing,T-Shirt,4,3429.42,364.07,UPI,1
ORD0051,01-08-2025,Steven Baker,New Robert,South,Furniture,Table,10,4278.74,291.84,Net Banking,4
ORD0052,24-02-2025,Robert Hanson,Lake David,West,Groceries,Milk,3,3349.08,172.1,Cash,2
ORD0053,22-08-2025,William Griffin,Cooperfort,South,Groceries,Rice,9,1396.15,365.91,Net Banking,5
ORD0054,07-08-2025,Larry Bates,Abigailtown,West,Clothing,Shoes,10,4112.03,1122.61,Cash,4
ORD0055,24-09-2025,Jessica Knight,South Melissatown,West,Groceries,Snacks,4,4231.34,504.92,Cash,3
ORD0056,04-10-2025,Justin Parker,South Patricia,North,Groceries,Rice,5,1325.57,177.58,Cash,2
ORD0057,28-07-2025,Timothy Winters,South Wesley,East,Furniture,Table,3,3590.81,237.2,Net Banking,4
ORD0058,23-12-2025,Kevin Lee,North Christophermouth,North,Electronics,Mobile,7,2069.49,501.75,Net Banking,4
ORD0059,03-08-2025,Paula Patrick,Leonardbury,South,Electronics,Headphones,5,3816.68,1005.17,Net Banking,2
ORD0060,14-12-2025,Samantha Stafford,Melissaberg,West,Clothing,Shoes,8,339.32,45.48,Cash,4
ORD0061,12-02-2025,Kaitlyn Ryan DVM,East Andrew,West,Furniture,Chair,7,3041.09,656.11,Cash,4
ORD0062,17-06-2025,Barbara Williams,New William,East,Furniture,Chair,5,2019.7,207.86,Net Banking,3
ORD0063,27-01-2025,Nicolas Stewart,Bartonfort,East,Groceries,Snacks,2,2457.47,583.05,Cash,1
ORD0064,20-03-2025,Mrs. Ashley Stevens,Port Meganview,South,Electronics,Laptop,4,1156.93,63.74,Cash,4
ORD0065,27-03-2025,Courtney Anderson,Phammouth,North,Electronics,Mobile,8,3557.43,859.92,Cash,3
ORD0066,12-07-2025,Scott Schroeder,Shannonmouth,West,Electronics,Laptop,5,2963.82,821,Cash,1
ORD0067,03-03-2025,Tamara Mercado,New Adam,North,Furniture,Chair,5,4281.41,856.72,Card,5
ORD0068,04-08-2025,Steven Bautista,East Angelica,West,Groceries,Snacks,2,2628.61,355.67,UPI,4
ORD0069,30-11-2025,Cathy Duran,Jacquelinetown,East,Clothing,Shoes,3,2290.34,534.68,Net Banking,4
ORD0070,14-02-2025,Brian Arias,Perezfort,East,Groceries,Snacks,6,4288.22,1105,Net Banking,2
ORD0071,04-04-2025,William West,East Bonnie,West,Groceries,Juice,6,337.76,88.74,Cash,3
ORD0072,22-05-2025,Hannah Barnett,North Allenton,North,Clothing,Jacket,5,4425.54,997.06,Cash,1
ORD0073,01-09-2025,Regina Hicks,Lake Sabrina,West,Furniture,Table,8,2864.85,315.37,Net Banking,1
ORD0074,06-12-2025,Patricia Reed,Port Kathleen,East,Electronics,Headphones,4,2141.13,237.29,Net Banking,5
ORD0075,19-05-2025,Kevin Curtis,New Stephanie,East,Clothing,Shoes,9,1787.8,403.53,Card,2
ORD0076,20-12-2025,Sarah Ramos,North Mark,South,Electronics,Mobile,6,773.86,142.36,Cash,2
ORD0077,25-05-2025,Timothy Thompson,East Beverlytown,North,Groceries,Snacks,10,4887.71,885.45,Cash,3
ORD0078,06-03-2025,Lisa Collins,Lake Cheryl,East,Furniture,Sofa,3,1650.88,374.76,UPI,1
ORD0079,26-05-2025,Andrea Martin,Loweryfurt,West,Clothing,Jeans,8,692.42,36.74,Net Banking,4
ORD0080,28-02-2025,Thomas Wilcox,North Melaniemouth,North,Clothing,Jeans,1,1411.9,374.76,Net Banking,4
ORD0081,05-06-2025,Bethany Clark,Lake Lauren,North,Electronics,Laptop,3,916.15,174.72,Cash,1
ORD0082,02-06-2025,Zoe Humphrey,Beltranhaven,West,Groceries,Milk,9,2025.81,561.4,Card,5
ORD0083,11-02-2025,Thomas Miller,South Samantha,South,Electronics,Laptop,4,3202.47,372,Cash,2
ORD0084,29-08-2025,Tracy Brown,North Scott,East,Electronics,Mobile,1,2160.88,480.46,UPI,2
ORD0085,16-05-2025,Joshua Payne,Kendraberg,South,Clothing,Jacket,8,541.66,58.69,Net Banking,1
ORD0086,26-03-2025,Raymond Torres,East Kaylashire,East,Furniture,Desk,5,4167.83,282.8,Card,4
ORD0087,14-09-2025,Keith Clark,Johnsport,West,Electronics,Tablet,5,3558.72,1016.62,Net Banking,1
ORD0088,28-04-2025,Maria Wheeler,Lake Deborah,North,Electronics,Tablet,6,3097.83,174.92,Card,5
ORD0089,23-05-2025,Jack Conner,East Deniseton,South,Electronics,Mobile,8,2691.03,432.06,Net Banking,4
ORD0090,23-02-2025,Charles Morgan,Lake Richardmouth,South,Electronics,Tablet,6,2160.07,281.38,Card,4
ORD0091,21-08-2025,Jessica Jackson,Ochoahaven,North,Groceries,Snacks,7,4105.12,769.81,Card,3
ORD0092,01-01-2025,Jennifer Cook,Port Randyside,West,Clothing,T-Shirt,7,4351.57,1115.01,Net Banking,1
ORD0093,27-01-2025,Jose Porter,Aaronfort,South,Furniture,Sofa,10,3830.93,790.52,Card,5
ORD0094,15-01-2025,Jordan Moreno,Salinasfurt,South,Furniture,Sofa,8,4428.06,757.99,Cash,3
ORD0095,28-02-2025,Kathy Gonzalez,West Nicolemouth,West,Electronics,Tablet,2,1278.56,332.87,UPI,2
ORD0096,05-09-2025,Cynthia Castro,Lake Shannon,West,Groceries,Snacks,9,3585.98,551.78,Cash,4
ORD0097,11-03-2025,Mary Grant,Norrisville,North,Furniture,Table,4,4624.97,818.9,Card,4
ORD0098,28-10-2025,Sarah Herrera,North Deannamouth,West,Clothing,Jacket,1,1557.63,194.14,Cash,4
ORD0099,22-08-2025,Gina Clark,Jasonmouth,East,Groceries,Snacks,6,2849.2,529.55,Cash,2
ORD0100,28-12-2025,Jacob Gay,Mooneyview,West,Groceries,Milk,7,409.51,96.72,Net Banking,2
ORD0101,21-02-2025,Jasmin Brown,Salinashaven,West,Groceries,Rice,3,2611,515.79,UPI,5
ORD0102,21-03-2025,Angela Combs,Greeneberg,North,Groceries,Rice,3,2167.9,463.27,Net Banking,3
ORD0103,01-10-2025,Alyssa Berry,Brianchester,West,Clothing,Shoes,2,4288.47,1128.23,Card,4
ORD0104,27-04-2025,Rachel Ruiz,North Richardville,North,Electronics,Laptop,4,3229.57,905.03,Net Banking,1
ORD0105,24-01-2025,Tabitha Russell,Deanland,East,Electronics,Tablet,3,3531.21,974.11,UPI,3
ORD0106,17-10-2025,Kara Gill,North Aprilchester,South,Clothing,Jacket,7,898.74,164.28,Cash,2
ORD0107,26-10-2025,Kim Baldwin,Port Stephenfort,South,Electronics,Tablet,10,3479.05,606.8,Cash,4
ORD0108,27-08-2025,Deanna Maxwell,Danielmouth,East,Clothing,Shoes,5,3400.84,934.3,Cash,1
ORD0109,20-12-2025,Scott Valencia,South Bryceshire,East,Groceries,Snacks,10,1635.94,475.25,Net Banking,3
ORD0110,03-07-2025,Melissa White,Ricemouth,East,Furniture,Table,8,711.94,103.47,Card,1
ORD0111,26-01-2025,Edwin Snyder,Harrisonmouth,West,Groceries,Snacks,1,2916.46,645.85,Card,2
ORD0112,04-12-2025,Pamela Russell,Wilsonview,South,Clothing,Jeans,4,3180.28,697.88,UPI,1
ORD0113,16-02-2025,Ryan Dixon,Lake Jacobchester,East,Clothing,Shoes,1,2981.95,695.06,Card,4
ORD0114,07-07-2025,Kathryn Davis,New Robertview,East,Furniture,Desk,3,3975.26,1069.8,Cash,3
ORD0115,08-02-2025,Sarah Sweeney,North Jacquelineville,South,Groceries,Snacks,6,4060.32,678.41,Cash,4
ORD0116,21-08-2025,Brent Garcia,Lake John,East,Clothing,T-Shirt,7,266.81,49.13,Card,5
ORD0117,14-11-2025,Brian Lopez,Port Lauraborough,East,Groceries,Snacks,2,3439.22,577.34,Cash,1
ORD0118,20-01-2025,Elizabeth Wilcox,Krystaltown,East,Groceries,Snacks,7,760.04,46.62,Net Banking,1
ORD0119,10-12-2025,Kara Barnes,Mooreborough,West,Electronics,Mobile,9,851.19,139.09,Cash,4
ORD0120,17-01-2025,Nicole Williams,North Melissaton,East,Electronics,Tablet,10,2158.96,621.52,Cash,4
ORD0121,06-10-2025,Ronnie Cook,East Rogerbury,East,Groceries,Milk,6,676.9,149.88,UPI,4
ORD0122,16-02-2025,Eric Taylor,Lake Debraton,South,Clothing,Jeans,2,4755.25,1217.57,UPI,1
ORD0123,11-10-2025,Monica Wood,New Davidfurt,South,Clothing,Jeans,3,3977.49,402.93,Cash,2
ORD0124,16-03-2025,Jeffrey Parsons,Hamiltonton,South,Clothing,Jeans,10,213.61,56.52,Card,2
ORD0125,02-05-2025,Elizabeth Ramirez,Tylerfort,East,Electronics,Laptop,3,271.33,67.15,UPI,2
ORD0126,02-02-2025,Gabrielle Johnson,Ramosfurt,West,Clothing,T-Shirt,3,3760.25,682.57,Net Banking,3
ORD0127,04-12-2025,Maria Pace,Morganside,East,Electronics,Tablet,9,1263.44,257.46,Net Banking,1
ORD0128,31-12-2025,Brandon Barnett,Lake Blakeburgh,West,Electronics,Tablet,7,2246.11,172.93,UPI,1
ORD0129,27-10-2025,Amy Howe,Mooremouth,East,Clothing,Jeans,2,805.72,166.04,Net Banking,5
ORD0130,26-12-2025,Julia Mitchell,Lake Stevenland,North,Clothing,Shoes,9,3106.05,232.32,Cash,4
ORD0131,01-08-2025,Ryan Kirby,West Loretta,North,Groceries,Milk,7,1826.87,298.46,Card,4
ORD0132,31-08-2025,Eric Singh,Duncanview,North,Clothing,Jacket,6,4777.24,1059.14,UPI,1
ORD0133,08-03-2025,Malik Cole,Delgadoview,North,Electronics,Tablet,2,3774.03,540.3,Card,1
ORD0134,28-05-2025,Lisa Parker,East Rachel,East,Groceries,Snacks,7,4366.84,1005.53,Card,1
ORD0135,12-10-2025,Lori Salazar,East Suzanne,East,Furniture,Desk,8,1276.38,98.35,UPI,3
ORD0136,11-11-2025,Mr. Phillip Hawkins,New Lisahaven,North,Furniture,Table,9,4877.82,1241.93,Card,1
ORD0137,03-04-2025,Jeffrey Jennings,Olivertown,South,Furniture,Sofa,5,4623.38,636.9,Net Banking,1
ORD0138,03-08-2025,Michael Warren,Collinsberg,West,Furniture,Chair,2,3781.34,392.44,Card,2
ORD0139,13-02-2025,Shannon Miranda,South Donald,North,Clothing,Jacket,6,3928.81,753.93,Cash,2
ORD0140,07-11-2025,Robert Murillo,West Rachelhaven,West,Electronics,Laptop,5,2326.94,363.01,Net Banking,3
ORD0141,14-12-2025,Dylan Ferguson,North Juanville,West,Furniture,Chair,6,2263.59,273.47,Card,1
ORD0142,19-04-2025,Dalton Maxwell,Smithbury,South,Furniture,Table,10,462.95,46.81,Card,3
ORD0143,08-03-2025,James Smith,Saraville,West,Clothing,T-Shirt,1,2587.45,407.95,Cash,5
ORD0144,10-01-2025,Shirley Garrison,Hillton,West,Clothing,T-Shirt,7,4336.47,262.68,UPI,3
ORD0145,16-06-2025,Paul Jackson,Jeffreychester,South,Groceries,Juice,7,1589.67,240.45,Net Banking,3
ORD0146,26-09-2025,Michelle Trujillo,Kellychester,North,Electronics,Tablet,2,1367.92,269.78,Net Banking,3
ORD0147,21-11-2025,Kevin Whitaker,Mcdonaldtown,North,Clothing,Jeans,6,3939.77,272.22,Cash,3
ORD0148,30-03-2025,Jeremy Long,West Jacqueline,South,Clothing,Jeans,4,693.46,79.05,UPI,2
ORD0149,17-10-2025,David Rose,Lake Anne,East,Groceries,Juice,10,3847.41,624.15,Card,2
ORD0150,21-05-2025,Richard Smith,Caldwellland,North,Groceries,Rice,8,2322.6,291.96,Card,5
ORD0151,27-05-2025,Scott Koch,Toddside,North,Electronics,Headphones,8,2369.19,152.16,UPI,5
ORD0152,22-01-2025,Brian Kramer,Hughesfurt,West,Groceries,Juice,10,2860.72,709.33,Cash,3
ORD0153,25-06-2025,David Richard,Albertton,North,Groceries,Milk,1,2362.51,597.1,Cash,1
ORD0154,06-07-2025,Alexander Mckee,West Aprilfort,East,Furniture,Table,8,2715.53,549.76,Card,4
ORD0155,21-06-2025,Cynthia Hansen,West Kennethside,North,Groceries,Snacks,10,451.35,93.76,Card,1
ORD0156,05-11-2025,Sarah Baker,East Suzanne,South,Groceries,Snacks,5,3673.92,786.74,Card,1
ORD0157,20-07-2025,Melissa Harris,Rachelchester,South,Furniture,Sofa,5,4844.94,1088.27,UPI,3
ORD0158,17-12-2025,Ethan Mcclain,Jeromeburgh,North,Groceries,Snacks,3,3416.56,878.88,Net Banking,5
ORD0159,24-06-2025,Brittany Davis,East Christina,West,Clothing,T-Shirt,6,1682.56,484.23,Cash,2
ORD0160,17-09-2025,April Duarte,East Vincent,North,Furniture,Desk,2,1619.8,400.14,Card,5
ORD0161,16-11-2025,Dale Rubio,West Matthew,South,Furniture,Table,3,978.79,252.37,Net Banking,1
ORD0162,18-08-2025,William Foster,Deborahside,South,Groceries,Snacks,4,4854.03,983.66,Cash,3
ORD0163,14-08-2025,Matthew Johnson,North Daniel,West,Groceries,Milk,6,3455.87,665.62,Card,4
ORD0164,09-05-2025,Samantha Wiley,Port Lauraburgh,North,Groceries,Milk,4,4046.04,342.29,Net Banking,3
ORD0165,19-08-2025,Stephen Nelson,South Nathaniel,South,Electronics,Laptop,5,602.6,54.28,Net Banking,1
ORD0166,22-07-2025,Patricia Shepard,New Brianbury,East,Furniture,Table,6,4666.27,717.32,Cash,4
ORD0167,01-01-2026,John Webb,East Natalie,East,Electronics,Headphones,4,335.3,94.79,Cash,2
ORD0168,28-12-2025,Jason Parker,Leeshire,West,Electronics,Headphones,8,3541.15,299.93,Net Banking,5
ORD0169,08-10-2025,Jesse Sellers,Weaverport,West,Electronics,Laptop,1,1428.43,369.59,UPI,3
ORD0170,15-11-2025,Maria Harris,Hermanview,West,Furniture,Sofa,2,429.2,66.51,UPI,1
ORD0171,30-05-2025,Gary Jones,Ryanton,West,Groceries,Rice,9,2960.23,679.78,UPI,5
ORD0172,13-02-2025,Helen Hawkins,Kellimouth,East,Clothing,Jeans,10,2199.52,475.3,UPI,5
ORD0173,11-07-2025,Austin Harrington,Williamsonland,East,Electronics,Tablet,8,408.97,60,UPI,3
ORD0174,25-10-2025,Zachary Kirk,Joshuamouth,East,Electronics,Headphones,4,3718.12,769.89,Cash,1
ORD0175,23-12-2025,Jennifer Leonard,Robertsville,West,Clothing,Jacket,3,4185.84,925.78,Cash,2
ORD0176,13-04-2025,Jack Benson,East Marcview,North,Electronics,Tablet,1,1608.52,98.04,Card,3
ORD0177,27-05-2025,Jesus Campos,Bakerhaven,East,Groceries,Juice,5,375.78,79.56,UPI,3
ORD0178,14-08-2025,Holly Scott,Beniteztown,West,Clothing,T-Shirt,6,2297.37,344.62,Card,2
ORD0179,12-02-2025,Robert Evans,Hancockton,West,Groceries,Juice,6,4636.69,833.76,UPI,4
ORD0180,01-06-2025,Stephanie Campbell,Nancyberg,East,Furniture,Sofa,6,692.47,91.39,Net Banking,5
ORD0181,30-06-2025,Tony Osborn,Port Kristin,West,Groceries,Milk,8,1887.43,114.36,Card,1
ORD0182,23-03-2025,Robert Garza,East James,North,Electronics,Tablet,6,2662.81,632.35,Cash,5
ORD0183,07-07-2025,Michael Ross,Alexismouth,East,Groceries,Rice,3,522.72,127.87,Net Banking,5
ORD0184,09-02-2025,Garrett Garrett,Timothymouth,South,Electronics,Mobile,8,4754.35,679.89,Card,4
ORD0185,06-04-2025,Christopher Johnson,Kayleeburgh,West,Clothing,Jacket,4,4810.5,271.69,Net Banking,5
ORD0186,10-11-2025,Ryan Fisher,Wilsonton,East,Electronics,Headphones,5,3579.38,370.98,Net Banking,2
ORD0187,16-08-2025,Thomas Mayo,Dustintown,North,Electronics,Mobile,2,2369.8,650.91,Card,3
ORD0188,25-12-2025,Jeffrey Simmons,Susanbury,South,Electronics,Headphones,5,4286.54,977.13,Card,5
ORD0189,10-09-2025,Jeff Jensen,Jennifertown,North,Furniture,Chair,4,4001.92,436.95,Card,5
ORD0190,03-02-2025,Michael Jackson,Richardtown,East,Clothing,Shoes,9,822.9,223.06,Net Banking,4
ORD0191,25-11-2025,Cynthia Garrett,New Cynthiafurt,North,Groceries,Juice,10,554,162.37,Net Banking,4
ORD0192,08-03-2025,Donna Johnson,Rosebury,West,Clothing,Jeans,9,3271.01,312.35,UPI,1
ORD0193,26-04-2025,Aaron Porter,Port Curtischester,East,Furniture,Sofa,3,977.44,277.28,Card,1
ORD0194,11-11-2025,Julie White,Lake Ashleyton,North,Clothing,Jeans,9,1517.36,312.96,Cash,5
ORD0195,16-10-2025,Christy Robinson,Angelatown,North,Furniture,Desk,10,3659.04,736.51,UPI,1
ORD0196,24-11-2025,Heather Smith,Steeleville,North,Electronics,Headphones,4,3881.4,598.3,Net Banking,5
ORD0197,27-07-2025,Lawrence Perez,South Douglasfurt,East,Clothing,Jacket,8,1375.41,346.38,Net Banking,1
ORD0198,24-06-2025,Jessica Williams,Justinfort,South,Electronics,Mobile,8,2194.98,364.61,Card,3
ORD0199,24-02-2025,James Taylor,West Michelle,East,Clothing,Shoes,3,3851.19,688.38,Cash,4
ORD0200,29-05-2025,Deborah Barber,Amychester,West,Electronics,Headphones,8,1390.01,103.14,Net Banking,2
ORD0201,23-03-2025,Kellie Richardson,East Kendramouth,West,Furniture,Sofa,10,3661.42,356.84,Net Banking,4
ORD0202,23-08-2025,Daniel Phillips,Hernandezborough,South,Clothing,Shoes,1,632.24,93.77,Cash,5
ORD0203,01-12-2025,Sean Pittman,South John,West,Clothing,T-Shirt,1,1550.51,309.14,Card,5
ORD0204,07-07-2025,Jay Thompson,North Charlesborough,West,Electronics,Laptop,7,842.89,97.87,Card,1
ORD0205,28-05-2025,Richard Wiley,Johnsonville,North,Groceries,Rice,10,2896.72,407.37,Net Banking,5
ORD0206,19-02-2025,Karen Garrison,Williamsstad,West,Groceries,Snacks,10,3465.91,276.24,Card,3
ORD0207,21-01-2025,Robert Frank,Fowlerhaven,North,Clothing,Jeans,4,3091.82,464.85,UPI,2
ORD0208,21-09-2025,Paul Zuniga,Jeremystad,South,Clothing,Shoes,9,2393.55,482.46,Card,5
ORD0209,03-06-2025,Joshua Gallegos II,East Christopher,East,Clothing,Jeans,7,4954.96,1163.57,Net Banking,5
ORD0210,02-08-2025,Jennifer Smith,South Jeanette,East,Clothing,Shoes,1,1968.12,429.94,UPI,5
ORD0211,26-10-2025,Debra Miller,North Shannonmouth,West,Groceries,Snacks,10,2972.65,684.75,Cash,5
ORD0212,26-02-2025,Eric Fuentes,North Robin,South,Groceries,Milk,4,351.54,100.91,UPI,4
ORD0213,14-09-2025,Peggy Jones,New Stephen,West,Clothing,Shoes,3,2182.21,220.34,UPI,2
ORD0214,30-03-2025,Ashley West MD,West Cynthia,West,Furniture,Sofa,8,2722.29,349.65,Card,5
ORD0215,23-05-2025,Emily Miller,East Loriland,East,Clothing,Jacket,10,2524.06,730.3,Cash,3
ORD0216,21-05-2025,Sydney Carney,North Sandraland,East,Clothing,Jeans,8,1721.8,236.23,UPI,5
ORD0217,29-05-2025,James Wilson,Lake Ashley,North,Groceries,Juice,6,4782.12,1201.05,Card,1
ORD0218,03-10-2025,Peter Pierce,Lake Pamelafort,East,Clothing,Shoes,5,3787.22,391.96,Card,2
ORD0219,26-04-2025,Tammy Johnson,East Christine,South,Electronics,Mobile,4,443.67,122.58,UPI,1
ORD0220,03-01-2025,Daniel Johnston,Taramouth,South,Groceries,Snacks,8,682.62,165.67,Net Banking,4
ORD0221,15-02-2025,Thomas Zimmerman,New Robert,South,Groceries,Milk,5,1741.6,368.3,UPI,2
ORD0222,11-09-2025,David Collins,Lake Adam,South,Groceries,Milk,1,4986.42,744.22,Card,1
ORD0223,21-06-2025,Brian Aguilar,South Cindy,East,Electronics,Headphones,10,3093.36,872.68,Net Banking,5
ORD0224,27-02-2025,Terri Mckenzie MD,New Emily,East,Groceries,Milk,9,2446.5,240.25,Cash,4
ORD0225,18-10-2025,Larry Beard,Lake Christinaview,South,Clothing,Jeans,1,3735.77,925.32,Cash,5
ORD0226,18-02-2025,William Daniels,Carmenberg,South,Groceries,Juice,9,1774.05,266.48,Cash,4
ORD0227,17-05-2025,Stephanie Reese,Kanechester,East,Clothing,Jeans,1,1451.77,158.07,Card,5
ORD0228,02-03-2025,Bernard Marquez,Erikaport,West,Electronics,Headphones,6,3525.29,231.02,Card,2
ORD0229,08-07-2025,Mary Ward,Elizabethland,South,Groceries,Snacks,2,3265.81,931.27,Cash,2
ORD0230,01-08-2025,Jennifer Hall,Pattersonfurt,West,Groceries,Milk,8,3789.13,763.26,Cash,2
ORD0231,16-10-2025,Christopher Walker,Cookhaven,North,Electronics,Tablet,9,3578.08,248.77,UPI,5
ORD0232,01-03-2025,Beth Johnson,North Brendaton,South,Furniture,Desk,3,1774.96,319.64,Net Banking,1
ORD0233,16-10-2025,Dr. Patrick Thomas,Lopezberg,North,Groceries,Rice,8,833.33,128.21,Net Banking,3
ORD0234,24-10-2025,Philip Rogers,New Benjamin,North,Electronics,Tablet,5,4118.98,973.94,UPI,4
ORD0235,05-02-2025,Stephen Atkins,Josephville,West,Clothing,T-Shirt,9,4971.79,1410.23,UPI,3
ORD0236,27-11-2025,Angela Acosta,Christopherland,West,Groceries,Milk,3,3875.97,1141.8,Card,4
ORD0237,04-10-2025,Ronald Neal,Jessicabury,South,Groceries,Juice,7,585.2,170.31,Card,1
ORD0238,02-01-2025,Lisa Tate,Paulfurt,North,Furniture,Table,9,811.27,239.07,Card,4
ORD0239,22-05-2025,Lauren Martinez,Sandraland,South,Groceries,Juice,4,1388.06,189.53,UPI,1
ORD0240,18-01-2025,Wendy Gill,Lake Richardtown,West,Groceries,Rice,4,1189.19,89.46,UPI,2
ORD0241,29-01-2025,Mary Torres,Johnsonberg,South,Electronics,Tablet,8,1324.83,138.2,Card,2
ORD0242,05-12-2025,Barry Morales,Catherinefurt,South,Clothing,Jacket,4,1648.47,141.46,Net Banking,3
ORD0243,31-03-2025,Rodney Gillespie,New Stephanieland,West,Clothing,T-Shirt,9,4752.9,1282.94,Net Banking,1
ORD0244,18-03-2025,Nicole Robinson MD,South Davidfurt,East,Clothing,Shoes,9,1729.93,266.55,Net Banking,2
ORD0245,26-08-2025,Brenda Snyder,Markside,North,Groceries,Milk,4,1643.53,372.91,Net Banking,4
ORD0246,10-02-2025,Holly Rodriguez,West Cameron,West,Furniture,Table,4,1423.98,188.77,Card,1
ORD0247,21-01-2025,Vanessa Cannon,Stoutchester,North,Furniture,Chair,5,2010.41,404.58,Cash,5
ORD0248,08-01-2025,Shelby Moore MD,Sandrabury,South,Furniture,Table,4,4373.47,582.73,Cash,1
ORD0249,03-05-2025,Phillip Larson,North Laura,East,Groceries,Milk,10,3578.09,533.7,Card,4
ORD0250,12-09-2025,Timothy Baird,Chungside,West,Groceries,Snacks,5,1455.5,259.38,UPI,4
ORD0251,24-04-2025,Mary Woodward,Lake Kimberlystad,South,Clothing,Jeans,6,1702.03,104.55,UPI,3
ORD0252,19-10-2025,Shannon Gallegos,East Monique,South,Groceries,Snacks,3,1141.72,122.74,Net Banking,5
ORD0253,09-09-2025,Mary Johnson,West Tara,West,Clothing,Jacket,8,4839.24,1018.29,Cash,3
ORD0254,05-10-2025,Dominique King,South Rhonda,North,Furniture,Desk,9,2543.92,710.33,UPI,1
ORD0255,04-02-2025,Ashley Perez,Lewisville,South,Electronics,Laptop,7,859.96,178.59,UPI,2
ORD0256,12-11-2025,Sara Hayden,Joshuaberg,West,Groceries,Snacks,1,3165.61,685.95,Net Banking,1
ORD0257,02-10-2025,Nicholas Erickson,Shepherdburgh,East,Electronics,Tablet,1,280.29,64.62,UPI,5
ORD0258,04-05-2025,Victoria Jones,North Victoriaberg,South,Groceries,Milk,2,4606.63,834.24,Card,3
ORD0259,17-10-2025,Renee Schaefer,North Jennifer,South,Clothing,Shoes,2,1990.65,301.6,Cash,3
ORD0260,01-09-2025,Jeffrey Williams,Katrinastad,North,Electronics,Laptop,2,2145.34,309.56,UPI,2
ORD0261,18-02-2025,Peter Huff,Port Edwinside,North,Electronics,Tablet,7,3295.55,437.71,Cash,2
ORD0262,24-05-2025,Shawn Mcbride,Salazarland,North,Groceries,Snacks,1,4635.96,1025.04,Cash,3
ORD0263,23-07-2025,Sharon Dean,Haleyfurt,North,Electronics,Mobile,10,892.12,227.64,Card,2
ORD0264,13-03-2025,Scott Flores,Russoberg,North,Furniture,Table,9,1792.3,428.18,Card,1
ORD0265,11-11-2025,Lisa Thomas,Rittermouth,West,Electronics,Tablet,4,4225.64,571.09,Card,1
ORD0266,12-07-2025,Shannon Villanueva,East Michelleberg,West,Clothing,Shoes,8,1295.06,243.81,Cash,5
ORD0267,07-02-2025,Cassidy Randall,Fletcherstad,North,Groceries,Rice,10,1617.82,180.57,Card,2
ORD0268,03-01-2025,Nancy Warren,West Glenn,East,Groceries,Milk,7,1720.06,131.82,Net Banking,3
ORD0269,13-10-2025,Kenneth Peterson,Melissaview,West,Clothing,T-Shirt,3,619.03,97.65,UPI,1
ORD0270,16-06-2025,Michael Gentry,Grahamchester,West,Electronics,Headphones,9,646.71,129.03,UPI,3
ORD0271,05-05-2025,Tammy Wong,Port Christineville,South,Groceries,Juice,2,3679.25,698.63,Net Banking,2
ORD0272,27-03-2025,Deanna Wilson,East Lindsey,West,Furniture,Sofa,5,1488.35,128.72,Card,4
ORD0273,17-11-2025,Jay Finley,South Michaelhaven,West,Clothing,Shoes,2,1933.4,553.06,Cash,4
ORD0274,14-11-2025,Michael Lopez,Joneshaven,West,Electronics,Mobile,5,232.48,34.62,Card,4
ORD0275,22-12-2025,Wayne Brock,West Lindsay,South,Clothing,Shoes,10,853.4,111.08,Net Banking,3
ORD0276,09-09-2025,Tiffany Stevens,East Anthony,South,Furniture,Table,6,1598.95,357.75,Card,4
ORD0277,31-10-2025,Zachary Park,New Matthew,South,Clothing,Shoes,6,746.66,142.58,UPI,4
ORD0278,29-07-2025,Cynthia Mora,Jacobmouth,West,Furniture,Table,5,4190.15,281.95,Cash,3
ORD0279,07-02-2025,Joseph Caldwell,Erinfort,West,Furniture,Sofa,3,3633.13,898.36,Net Banking,5
ORD0280,26-12-2025,Sheri Norton,Chambersville,North,Groceries,Juice,9,376.47,109.97,UPI,2
ORD0281,13-12-2025,Michael Lopez,Harrisport,West,Clothing,Jeans,10,412.62,122.1,Card,4
ORD0282,23-09-2025,Anne Sullivan,South Joshua,South,Electronics,Laptop,2,1441.94,256.19,Net Banking,3
ORD0283,13-01-2025,Sharon Snyder,Torresfurt,West,Groceries,Juice,10,3514.1,308.14,UPI,3
ORD0284,28-06-2025,Daniel Stokes,Lake Ericview,East,Groceries,Rice,2,4190.33,974.41,Card,4
ORD0285,23-12-2025,Matthew Pena,Lake David,West,Furniture,Table,6,2485.58,396.55,Card,1
ORD0286,25-02-2025,Jennifer Santiago,New Frank,South,Clothing,T-Shirt,2,308.41,41.87,Cash,5
ORD0287,29-04-2025,Matthew Clay,Port Jeffreychester,West,Furniture,Desk,6,2887.27,836.2,Cash,2
ORD0288,19-08-2025,Michael Graves,East Michael,West,Groceries,Juice,1,3739.46,1012.55,Net Banking,1
ORD0289,02-02-2025,Edward Smith,New Dannyville,North,Furniture,Desk,5,3811.16,961.11,Cash,3
ORD0290,08-09-2025,Travis Heath,Port Shannon,East,Clothing,Jeans,8,746.98,162.6,Net Banking,5
ORD0291,30-03-2025,Kelly Mullen,Port Gina,East,Groceries,Rice,6,1889.53,310.76,UPI,2
ORD0292,22-12-2025,Barbara Velez,Michellechester,South,Clothing,T-Shirt,4,1665.82,159.52,Net Banking,4
ORD0293,22-12-2025,Shannon Mcgee MD,Angelaville,South,Furniture,Table,7,1091.62,228.01,Cash,4
ORD0294,28-01-2025,Erik Williams,Gonzalezbury,East,Clothing,Jeans,3,1709.98,278.3,UPI,4
ORD0295,11-09-2025,Cassandra Moore,Schultzmouth,West,Furniture,Desk,7,4826.38,851.18,Net Banking,4
ORD0296,23-04-2025,Daniel Sanchez,Adamberg,East,Groceries,Juice,3,596.82,34.45,UPI,3
ORD0297,11-09-2025,Heather Smith,Davisport,North,Furniture,Sofa,3,3947.55,755.61,UPI,3
ORD0298,22-02-2025,Kimberly Moore,Johnnyshire,South,Clothing,T-Shirt,8,2822.5,839.54,Card,1
ORD0299,02-03-2025,Julie Ward,Stephanieberg,South,Groceries,Snacks,6,4338.56,311.27,Cash,5
ORD0300,16-04-2025,Gary Johnson MD,Hollyville,North,Clothing,Shoes,3,3157.53,777.42,Card,5
ORD0301,21-10-2025,Kristen Hunter,North Kevinview,East,Clothing,Jeans,6,4899.2,603.38,UPI,2
ORD0302,09-03-2025,Julie Hodges,New Lisachester,South,Groceries,Rice,5,4361.83,356.46,Cash,3
ORD0303,18-11-2025,Jacqueline James,South Kathleenland,West,Furniture,Table,8,882.42,183.63,Net Banking,4
ORD0304,08-07-2025,Michael Myers,Lake Kristenbury,West,Electronics,Laptop,7,2674.94,319.81,Net Banking,3
ORD0305,02-02-2025,Jonathon Carter,Port Alexanderbury,West,Electronics,Laptop,8,3247.23,728.43,Cash,4
ORD0306,08-10-2025,Michelle Williams DDS,Lake Jonathan,South,Furniture,Table,5,1749.75,211.54,Net Banking,3
ORD0307,09-01-2025,Angela Bishop,New Richard,North,Electronics,Laptop,2,3205.66,830.83,Cash,4
ORD0308,09-03-2025,Mary Wood,West Amanda,East,Groceries,Rice,7,1171.13,260.16,Cash,3
ORD0309,29-11-2025,James Buck,South Mauricestad,South,Electronics,Headphones,5,595.62,128.73,UPI,4
ORD0310,01-01-2025,Jeffrey Washington,North Davidburgh,South,Clothing,Jeans,7,3346.33,756.02,Net Banking,1
ORD0311,23-12-2025,Heather Mccormick,West Derekbury,East,Furniture,Desk,9,3463.92,181.24,UPI,4
ORD0312,22-02-2025,Randall Shea,West Bradleychester,North,Furniture,Table,2,1298.94,93.96,Card,3
ORD0313,10-03-2025,Cristina Kim,Port Kimberlytown,South,Clothing,Jeans,7,3912.61,932.33,UPI,5
ORD0314,19-03-2025,Kevin Arias,Patrickhaven,West,Electronics,Mobile,8,1885.7,194.72,Net Banking,2
ORD0315,16-07-2025,Patricia Baker,Lake Samuel,East,Electronics,Laptop,3,3811.74,752.41,Net Banking,3
ORD0316,04-11-2025,Adam Snyder,Krausechester,East,Furniture,Desk,5,3294.18,369.09,UPI,3
ORD0317,03-05-2025,Kathy Mitchell,Port Donna,West,Furniture,Desk,7,1618.6,103.01,Net Banking,1
ORD0318,07-01-2025,Martin Hubbard,West Morganside,East,Furniture,Table,10,540.86,147.21,Card,2
ORD0319,30-08-2025,Todd Turner,Bishopville,North,Groceries,Juice,6,2822.51,263.04,UPI,5
ORD0320,23-07-2025,Elizabeth Parker,Victoriaport,East,Electronics,Laptop,5,1235.57,346.76,Net Banking,4
ORD0321,12-02-2025,Scott King,Schaeferton,East,Groceries,Rice,9,2780.75,245.18,UPI,5
ORD0322,29-11-2025,Alyssa Jones,Shepherdchester,North,Furniture,Desk,9,1768.4,347.68,Card,4
ORD0323,21-08-2025,Jennifer Larson,West Thomas,North,Furniture,Chair,4,613.82,97.36,Card,2
ORD0324,27-06-2025,Michael Velasquez,Robinport,East,Electronics,Laptop,3,3567.2,324.47,Cash,3
ORD0325,08-08-2025,Olivia Frazier,Baileymouth,East,Furniture,Sofa,2,3902.87,223.79,UPI,3
ORD0326,18-10-2025,Kyle Drake,Saraborough,South,Electronics,Tablet,8,2651.75,169.34,Card,2
ORD0327,18-09-2025,Dr. Michael Short,West Patriciaside,North,Clothing,T-Shirt,10,3435.78,270.85,UPI,1
ORD0328,02-04-2025,Kelly Foster,Port Matthewton,North,Furniture,Chair,8,1947.09,545.3,Net Banking,2
ORD0329,09-02-2025,Laura Parker,Port Debbietown,East,Clothing,Jeans,7,4596.1,597.42,UPI,5
ORD0330,25-07-2025,Matthew Campbell,Christinechester,North,Electronics,Mobile,4,4060.82,1199.38,Net Banking,3
ORD0331,13-04-2025,Brandon Lloyd,Port Crystalshire,East,Clothing,Jacket,2,2854.84,148.43,Card,5
ORD0332,11-04-2025,George Torres,Armstrongburgh,South,Furniture,Table,6,3040.12,526.97,Cash,1
ORD0333,22-12-2025,Samuel Thompson,Lake Janet,North,Groceries,Rice,4,2799.42,585.04,Card,1
ORD0334,03-08-2025,Christina Davis,Hallfort,West,Groceries,Snacks,2,1184.93,350.48,UPI,2
ORD0335,24-09-2025,Anthony Ortiz,Russoton,West,Clothing,T-Shirt,1,4622.12,1267.95,Card,4
ORD0336,08-02-2025,Victoria Ross,Natalieland,North,Electronics,Laptop,9,840.87,214.41,Net Banking,2
ORD0337,21-07-2025,Kylie Thompson,South Samuel,East,Furniture,Sofa,5,4284.39,1206.1,Card,4
ORD0338,27-10-2025,Melissa Cohen,Parkerport,North,Clothing,Jeans,2,4729.06,397.37,Cash,1
ORD0339,03-07-2025,Robert Atkins,New Virginia,South,Furniture,Table,8,1707.36,136.9,Net Banking,3
ORD0340,05-06-2025,Troy Sherman,Codychester,North,Groceries,Snacks,2,634.02,159.71,Cash,3
ORD0341,26-01-2025,Steven Daniels,South Davidburgh,East,Furniture,Chair,4,4848.32,722.7,Card,2
ORD0342,18-02-2025,April Sullivan,New Christine,West,Electronics,Tablet,8,2868.58,537.95,UPI,2
ORD0343,08-03-2025,Ashley Brewer,Jamesfurt,South,Electronics,Laptop,1,4185.79,1237.49,Net Banking,3
ORD0344,27-11-2025,Kathryn Alvarado,Lake Veronica,West,Electronics,Headphones,2,304.64,20.14,Cash,1
ORD0345,21-10-2025,Michael Beltran,Jimenezmouth,West,Clothing,T-Shirt,1,4722.95,295.94,Net Banking,4
ORD0346,06-04-2025,Olivia Cole,Lake Williambury,East,Electronics,Tablet,7,1029.47,106.73,Card,4
ORD0347,01-06-2025,Sally Henry,South Wandaville,West,Furniture,Chair,10,3172.05,353.51,Net Banking,5
ORD0348,13-04-2025,Anna Hughes,Port Stephanie,South,Groceries,Rice,2,1542.92,130.08,UPI,4
ORD0349,17-10-2025,Whitney Robinson,Port Ericfurt,East,Clothing,Shoes,9,3950.89,537.35,Net Banking,3
ORD0350,24-05-2025,Michael Mccall,West Angelachester,North,Furniture,Chair,6,3066.16,175.77,Net Banking,5
ORD0351,17-05-2025,Michael Shelton,Matthewhaven,North,Clothing,Jeans,3,680.64,145.8,Cash,5
ORD0352,24-12-2025,Mr. Edgar Young MD,Dunntown,East,Groceries,Snacks,3,1045.28,207.1,UPI,3
ORD0353,20-01-2025,Jonathan Taylor,Ashleybury,North,Furniture,Desk,8,2802.2,263.1,UPI,2
ORD0354,11-11-2025,Anthony Ramirez,Pamelaland,South,Furniture,Chair,9,2494.35,331.58,Cash,3
ORD0355,14-03-2025,Maria Rush,South Christy,North,Furniture,Sofa,1,305.18,60.01,Card,1
ORD0356,11-03-2025,Brittany Obrien,North Victoria,South,Clothing,Shoes,10,684.95,85.92,Net Banking,4
ORD0357,02-07-2025,Shawn Gonzalez,Davidfort,South,Clothing,Jeans,9,3529.09,995.95,Cash,4
ORD0358,26-12-2025,Katie Gomez,Karenburgh,West,Clothing,Jacket,3,1053,53.12,UPI,2
ORD0359,19-06-2025,Kenneth Cox,Port Lisaville,North,Clothing,Jeans,10,699.73,121.79,Cash,3
ORD0360,21-06-2025,George Costa,West Matthewborough,West,Clothing,Jeans,2,4143.98,901.34,UPI,3
ORD0361,01-01-2025,Christina Drake,North Charlesfurt,North,Furniture,Desk,2,1882.31,464.47,Net Banking,4
ORD0362,07-10-2025,Loretta Santana,Port Rebekahmouth,West,Groceries,Milk,7,2566.79,371.36,UPI,4
ORD0363,31-05-2025,Craig Frank,Lake Connie,North,Furniture,Desk,8,553.81,144.79,Card,3
ORD0364,08-02-2025,John Dunn,Lake Dawn,North,Electronics,Laptop,6,1016.5,146.24,Card,5
ORD0365,11-08-2025,Aaron Gonzalez,West Charlesburgh,South,Groceries,Rice,7,4723.72,431.04,UPI,1
ORD0366,04-10-2025,Benjamin Liu,Lake Biancabury,East,Clothing,Jeans,4,2164.54,408.08,Card,3
ORD0367,09-09-2025,Alejandra Morris,North Danielburgh,South,Furniture,Chair,1,2085.93,390.94,UPI,3
ORD0368,04-11-2025,Brian Young,Port Audrey,West,Electronics,Tablet,2,1613.84,347.79,Cash,1
ORD0369,31-08-2025,Dakota Sandoval,North Williamfort,North,Electronics,Mobile,3,3263.32,960.28,Card,4
ORD0370,05-04-2025,Tracey Mullins,Port Kylestad,East,Groceries,Juice,5,637.46,118.59,Net Banking,3
ORD0371,26-04-2025,Judith Butler,South Julia,East,Furniture,Table,1,1463.82,243.38,UPI,2
ORD0372,29-10-2025,Kim Horne DVM,Lake Meghan,South,Electronics,Laptop,6,4079.26,626.15,UPI,4
ORD0373,10-02-2025,Thomas Davis,East Danielfort,West,Groceries,Juice,10,4431.94,749.29,UPI,5
ORD0374,19-04-2025,Keith Klein,Reidchester,South,Furniture,Chair,8,1029.82,304.92,Cash,1
ORD0375,17-03-2025,Sarah Hale,Martinezshire,East,Groceries,Rice,7,1169.21,298.9,Card,1
ORD0376,22-05-2025,Randy Thompson,Christopherfurt,West,Electronics,Tablet,9,2107.3,277.18,UPI,5
ORD0377,26-10-2025,Jamie Lewis,West Michaelstad,North,Groceries,Rice,7,918.28,175.99,UPI,5
ORD0378,16-05-2025,Andrew Estrada,West Crystalshire,West,Electronics,Headphones,9,4424.65,1192.33,Net Banking,5
ORD0379,08-11-2025,Abigail Holland,Wattsside,West,Groceries,Rice,3,1521.99,130.84,UPI,4
ORD0380,10-07-2025,Michael Long,North Andrewmouth,North,Clothing,Jeans,1,3779.6,1059.08,Card,3
ORD0381,27-04-2025,Sherri Beltran,Brianbury,South,Clothing,Jacket,8,4319.53,955.54,Card,4
ORD0382,15-08-2025,Melody Thompson,New Sandramouth,South,Clothing,Jacket,7,3103.9,224.48,Net Banking,4
ORD0383,30-12-2025,Logan Jackson,West Joshua,West,Clothing,T-Shirt,9,3999.15,265.56,Cash,5
ORD0384,30-01-2025,Angel Mueller,Robinsonville,South,Electronics,Mobile,4,4400.87,440.89,UPI,4
ORD0385,16-09-2025,Ebony Bradford,Millerville,West,Electronics,Headphones,4,1515.09,387.68,UPI,1
ORD0386,31-08-2025,Michael Davis,Lake Georgehaven,East,Furniture,Sofa,8,3051.41,288.04,Card,2
ORD0387,20-10-2025,Thomas Clements,Manningburgh,South,Clothing,T-Shirt,5,331.76,20.71,Cash,2
ORD0388,16-12-2025,Monica Riley,East Amyberg,North,Furniture,Sofa,7,2663.75,708.98,Net Banking,2
ORD0389,06-06-2025,Christie Nunez,Jonathanfort,East,Furniture,Chair,4,1411.47,354.66,Net Banking,4
ORD0390,24-09-2025,Brittany Moore,South Crystalville,West,Clothing,Shoes,5,1247.4,156.59,UPI,1
ORD0391,22-06-2025,Ross Mcdonald,Lake Adrian,East,Clothing,Jacket,5,3485.18,594,Card,3
ORD0392,30-01-2025,Justin Dunn,Sabrinaton,West,Clothing,Jacket,4,919.66,221.98,Card,2
ORD0393,18-07-2025,Angela Stewart,South Michaelburgh,North,Electronics,Tablet,5,1445.25,223.5,Cash,3
ORD0394,03-12-2025,Kathryn Gutierrez,Hoganport,South,Furniture,Table,6,2635.11,688.7,Card,1
ORD0395,04-04-2025,Yolanda Wood,Port Patricia,East,Groceries,Milk,5,3680.9,698.48,UPI,2
ORD0396,10-07-2025,Kristen Johnson,Johnside,East,Clothing,Jeans,5,2218.27,602.73,Card,4
ORD0397,14-11-2025,Phillip Anderson,Gordonland,North,Electronics,Tablet,1,4358.69,853.84,Net Banking,2
ORD0398,19-03-2025,Jaime Gaines,Derekbury,South,Electronics,Tablet,9,1632.11,103.66,Cash,3
ORD0399,11-02-2025,Christian Mcclure,Elizabethmouth,West,Groceries,Juice,3,1718.64,393.43,Card,2
ORD0400,28-03-2025,Sean Robertson,Williammouth,South,Clothing,T-Shirt,1,2369.86,242.54,Net Banking,1
ORD0401,16-07-2025,Aaron Haynes,West Jacob,North,Furniture,Table,7,2136.29,622.37,UPI,5
ORD0402,29-09-2025,Barbara Wheeler,South Mauricestad,South,Furniture,Sofa,1,4481.63,1072.06,UPI,1
ORD0403,15-09-2025,Brady King,West Sarah,East,Furniture,Desk,6,1698.04,128.5,Cash,1
ORD0404,26-09-2025,Stephanie Nguyen,Leemouth,East,Electronics,Headphones,5,2388.45,430.09,Net Banking,2
ORD0405,26-07-2025,Amanda Garcia,Sarahborough,North,Clothing,Shoes,6,3800.55,346.69,Cash,2
ORD0406,07-07-2025,Michelle Johnson,North Davidchester,North,Furniture,Desk,1,3030.53,279.55,Net Banking,3
ORD0407,20-12-2025,Zachary Murray,Lake Kimberly,North,Electronics,Laptop,2,3337.12,183.33,Net Banking,4
ORD0408,16-04-2025,Nicole Carpenter,Joshualand,North,Groceries,Rice,9,1413.14,318.62,Card,4
ORD0409,23-02-2025,John Stephens,Mitchellton,North,Electronics,Headphones,10,3107.04,261.9,Card,1
ORD0410,25-09-2025,Matthew Morales,South Ana,South,Electronics,Tablet,4,3123.21,763.59,Card,4
ORD0411,19-12-2025,Christopher Graham,North Michael,West,Clothing,Jeans,1,2831.07,785.87,Card,2
ORD0412,09-12-2025,Briana Harris,Port Derekbury,West,Electronics,Laptop,2,4553.02,1178.36,Cash,1
ORD0413,01-06-2025,Luis Huerta,Bensonstad,East,Electronics,Laptop,5,3292.82,540.64,Net Banking,1
ORD0414,13-12-2025,Michael Roy,Smithhaven,East,Electronics,Mobile,1,4290.79,600.94,Net Banking,1
ORD0415,29-03-2025,Ashley Evans,Amandastad,East,Electronics,Laptop,1,4289.59,925.86,Card,4
ORD0416,25-07-2025,Maria Romero,Kaylamouth,West,Clothing,T-Shirt,6,4111.83,393.57,Net Banking,3
ORD0417,27-02-2025,Summer Freeman,Jonesberg,South,Groceries,Juice,7,3314.46,826.05,UPI,2
ORD0418,13-08-2025,James Baker,Phillipsville,South,Electronics,Tablet,10,2516.84,483.83,Net Banking,3
ORD0419,30-07-2025,Corey Patrick,Sandraville,West,Electronics,Mobile,8,4617.91,361.28,UPI,1
ORD0420,23-10-2025,Joyce Jones,Tylerville,South,Clothing,Jacket,1,3581.93,786.17,Card,5
ORD0421,25-11-2025,Samantha Webb,Ericside,West,Electronics,Tablet,4,2513.26,542.68,Cash,5
ORD0422,11-09-2025,Vernon Thomas,Lake Jason,South,Electronics,Laptop,3,2626.72,439.51,UPI,4
ORD0423,25-04-2025,Stacey Scott,Robertview,West,Clothing,Jeans,6,4856.7,303.97,Net Banking,2
ORD0424,13-09-2025,Mark Bryant,West Michellefort,West,Electronics,Tablet,8,4046.05,655.56,Card,1
ORD0425,09-10-2025,Natalie Martinez,Courtneychester,North,Groceries,Rice,2,2136.51,125.96,UPI,5
ORD0426,28-01-2025,Jessica Hammond,Ethanton,South,Clothing,Jeans,8,4761.7,670.62,Net Banking,3
ORD0427,24-04-2025,James Smith,Baileyborough,North,Groceries,Snacks,8,747.31,179.23,Card,3
ORD0428,13-03-2025,Zachary Martinez,New Tonyaton,West,Clothing,Jacket,2,419.73,38.21,UPI,3
ORD0429,23-08-2025,William Rodriguez,West Jennifer,South,Furniture,Desk,2,4665.04,691.47,Card,1
ORD0430,23-08-2025,Mr. Andrew Rocha,Lake Matthewfurt,South,Groceries,Rice,10,791.45,216.02,Net Banking,1
ORD0431,01-04-2025,Joseph Rodriguez,Burtonchester,South,Electronics,Tablet,10,2518.07,445.91,Cash,1
ORD0432,08-11-2025,Brandon Buck,Pamelachester,South,Groceries,Snacks,9,4430.67,685.27,Card,4
ORD0433,05-11-2025,Monique Roberts,Schroederside,East,Clothing,Jacket,8,4063.02,343.51,Card,5
ORD0434,26-06-2025,Brandon Hansen,West Joel,South,Furniture,Desk,4,3196,391.97,Cash,5
ORD0435,08-12-2025,Karen Soto,Gabrielaville,West,Clothing,T-Shirt,6,2898.95,567.33,Card,4
ORD0436,29-01-2025,Duane Hess,Taylorshire,South,Electronics,Laptop,1,2028.18,128.32,Card,2
ORD0437,01-06-2025,Jill Olson,East Allison,South,Clothing,Jacket,3,4229.03,941.59,UPI,3
ORD0438,25-04-2025,Joshua Marshall,East Suzannebury,West,Groceries,Rice,10,4366.57,1025.59,Cash,5
ORD0439,17-12-2025,Cassidy Davidson,Whiteville,East,Clothing,T-Shirt,7,2060.26,595.78,UPI,1
ORD0440,15-08-2025,Sarah Johnson,East Samuel,South,Clothing,Jeans,10,4370.48,1158.66,Card,5
ORD0441,08-02-2025,Bryce Taylor,Lake Alexanderland,South,Furniture,Desk,5,2354.31,696.55,Cash,5
ORD0442,08-03-2025,Michael Castro,East Melissabury,South,Electronics,Tablet,1,2256.84,426.88,Card,1
ORD0443,02-11-2025,Briana Cordova,Port Jacobberg,North,Clothing,Shoes,3,391.71,110.52,Card,4
ORD0444,24-09-2025,Isaiah Gonzalez,Zacharyfort,North,Clothing,T-Shirt,6,2721.9,787.3,Cash,4
ORD0445,19-06-2025,Amber Clark,North Dustin,East,Groceries,Rice,6,1261.75,130.39,Card,3
ORD0446,05-01-2025,Ashley Jackson,Ginaton,North,Furniture,Table,9,4153.7,1226.52,Card,4
ORD0447,28-02-2025,Erica Robbins DDS,South Tiffany,West,Furniture,Desk,1,3476.25,452.73,Card,5
ORD0448,18-09-2025,Theresa Lester PhD,Pamelaberg,West,Clothing,T-Shirt,9,4146.12,595.96,Net Banking,1
ORD0449,27-03-2025,Amber Mcdonald,New Jane,North,Clothing,Jeans,6,2666.69,765.48,UPI,2
ORD0450,11-08-2025,Joshua Singleton,West Steven,North,Furniture,Table,2,1186.78,305.22,Cash,1
ORD0451,09-05-2025,Margaret Brown,Johnsonburgh,North,Groceries,Snacks,1,620.1,39.42,Cash,3
ORD0452,09-01-2025,Alfred Blackburn,Powelltown,West,Groceries,Juice,8,3225.04,510.38,UPI,5
ORD0453,03-07-2025,David White,Shawton,North,Electronics,Laptop,10,418.48,109.67,Card,3
ORD0454,16-01-2025,Aaron Davidson,New Willie,West,Electronics,Headphones,8,2030.79,518.93,Cash,5
ORD0455,01-06-2025,Jessica Williams,Sanchezport,South,Furniture,Desk,7,4024.5,1055.9,Card,3
ORD0456,21-07-2025,Cheryl Morris,Jamesport,North,Electronics,Mobile,2,400.51,77.37,Card,2
ORD0457,14-03-2025,Michael Wilkinson,South Hector,South,Clothing,Jeans,7,4547.01,1195.25,Cash,2
ORD0458,28-01-2025,William Tanner,Carlsonton,West,Clothing,Jeans,2,1070.52,267.54,UPI,3
ORD0459,19-06-2025,Tiffany West,Lake Pamela,East,Electronics,Headphones,2,1147.6,223.95,Cash,2
ORD0460,06-09-2025,Natalie Stewart,Thomasport,West,Electronics,Headphones,10,535.08,52.64,Card,5
ORD0461,08-08-2025,Kayla Rodriguez,Brookemouth,South,Clothing,Jeans,10,2920.94,735.86,UPI,3
ORD0462,14-12-2025,Alyssa Martinez,New Lynnland,East,Furniture,Desk,7,1528.06,213.73,Net Banking,4
ORD0463,27-11-2025,Kimberly Dennis,North Travisfort,North,Groceries,Snacks,5,2537.46,195.91,Card,2
ORD0464,17-09-2025,Lauren Gates,Colleenland,North,Furniture,Sofa,2,3691.64,1007.91,Net Banking,5
ORD0465,04-10-2025,Melissa Jimenez,Garciahaven,West,Furniture,Chair,9,1450.96,396.83,Cash,3
ORD0466,26-08-2025,Kenneth Baldwin,North Melissa,North,Groceries,Milk,10,3719.49,456.57,Net Banking,3
ORD0467,13-03-2025,Mary King,Cookborough,West,Electronics,Mobile,10,3483.98,833.72,Cash,2
ORD0468,29-04-2025,Theresa Smith,Kellyfort,North,Furniture,Table,6,394.02,94.71,Card,3
ORD0469,18-07-2025,Jonathan Garrison,Anthonyville,West,Furniture,Chair,4,2685.85,665.73,Net Banking,1
ORD0470,21-05-2025,Brianna Patton,Olsonmouth,East,Electronics,Headphones,2,3577.93,645.26,Cash,4
ORD0471,22-09-2025,Randy Stewart,Jerryburgh,East,Groceries,Snacks,10,3336.02,863.59,Net Banking,2
ORD0472,06-11-2025,Annette Ellis,Port Bryan,North,Groceries,Snacks,6,2536.94,432.62,Cash,4
ORD0473,18-03-2025,Drew Powell,North Dale,South,Furniture,Desk,2,2669.8,320.92,Cash,3
ORD0474,04-09-2025,Christian Brown,Joneschester,West,Electronics,Mobile,7,4093.63,941.8,Net Banking,2
ORD0475,31-10-2025,Diane James,Margaretport,South,Furniture,Table,1,1369.62,112.27,Cash,5
ORD0476,22-09-2025,Hunter Ross,Jerryfort,West,Electronics,Mobile,1,998.44,280.17,UPI,3
ORD0477,04-09-2025,Mr. Christopher Brown,Sandrafurt,South,Electronics,Mobile,8,3111.32,522.25,Cash,4
ORD0478,18-12-2025,Brendan Thomas,New Charles,East,Furniture,Desk,10,3366.31,390.93,Net Banking,5
ORD0479,14-04-2025,Zachary Velasquez,New Sharon,West,Electronics,Mobile,7,2050.22,158.16,Cash,5
ORD0480,30-09-2025,Debra Woods,Lake Carrieburgh,North,Electronics,Mobile,8,4527.72,905.33,UPI,4
ORD0481,23-01-2025,Dr. Jesus Turner,Christinehaven,West,Furniture,Chair,7,2705.81,385.83,Cash,4
ORD0482,23-12-2025,Joyce Mcintyre,Port Justinport,North,Groceries,Snacks,10,4062.18,1125.08,Net Banking,2
ORD0483,03-11-2025,Lorraine Robinson,New Mason,West,Clothing,Shoes,4,4568.41,324.15,Card,2
ORD0484,12-07-2025,Paula James,Kinghaven,South,Electronics,Laptop,10,2708.2,487.31,Card,4
ORD0485,14-05-2025,Melinda Clark,Port Bonniemouth,West,Clothing,T-Shirt,3,2245.14,440.82,Card,5
ORD0486,05-09-2025,Derek Lopez,Port Ericbury,South,Clothing,Shoes,4,2183.5,537.03,Card,5
ORD0487,23-07-2025,Travis Curtis,East Nicholas,South,Groceries,Snacks,5,2972.73,724,UPI,2
ORD0488,23-06-2025,James Brown,South Kristinefurt,North,Groceries,Milk,2,1229.4,184.58,Cash,4
ORD0489,15-02-2025,Sonya Woods,Hayeston,North,Electronics,Laptop,3,2464.01,492.95,Card,2
ORD0490,25-07-2025,Andres Juarez,Jacksonhaven,East,Clothing,T-Shirt,10,381.23,55.69,UPI,2
ORD0491,23-09-2025,James Choi,Wrightmouth,East,Groceries,Juice,1,1168.19,250.25,Cash,1
ORD0492,22-03-2025,Robert Martinez,New Christina,North,Furniture,Desk,1,1926.75,411.85,Card,4
ORD0493,27-12-2025,Bruce Serrano,West Daltonton,North,Clothing,Shoes,7,3013.18,540.67,UPI,5
ORD0494,07-11-2025,Gregory Williams,Lake Rebeccashire,South,Clothing,Jacket,6,4823.78,574.64,Net Banking,4
ORD0495,07-02-2025,Linda Watkins,Nathanielhaven,East,Electronics,Headphones,3,2154.25,165.05,Card,1
ORD0496,05-05-2025,Joseph Maldonado,West Emma,East,Clothing,Jacket,8,4837.07,922.87,Net Banking,4
ORD0497,23-04-2025,Lisa Salas,Collinsville,South,Electronics,Tablet,2,1437.53,209.4,Card,4
ORD0498,11-12-2025,Robert Sexton,Michaelborough,East,Clothing,T-Shirt,5,1391.64,101.94,UPI,5
ORD0499,18-05-2025,Frederick Patterson,North Dana,South,Furniture,Table,6,1896.98,518.97,Cash,4
ORD0500,14-04-2025,Grace Reid,Baileymouth,South,Furniture,Desk,4,4389.16,446.35,Card,2
ORD0501,11-11-2025,Stephanie Osborn,North Derekstad,North,Electronics,Laptop,2,3443.9,743.39,UPI,4
ORD0502,22-10-2025,Jacob Parker,Sloanberg,East,Clothing,Jacket,8,4510.98,1219.08,Net Banking,2
ORD0503,27-09-2025,Kimberly Grant,Julietown,West,Clothing,Shoes,4,3800.81,311.9,Net Banking,5
ORD0504,23-08-2025,Charles Hurley,Lake Jessicahaven,North,Electronics,Headphones,7,4329.92,1056.4,Net Banking,3
ORD0505,05-07-2025,Stephanie Nelson,Russellport,East,Electronics,Laptop,4,2021.25,151.97,Cash,5
ORD0506,07-07-2025,Sarah Wilkins,Dylanview,South,Clothing,Jeans,5,2462.46,500.55,Net Banking,4
ORD0507,19-08-2025,Justin Kelly,Shannonville,South,Furniture,Table,6,1952.37,293.14,Cash,5
ORD0508,15-07-2025,Barbara Phillips MD,Lake Brenda,South,Furniture,Chair,5,4059.62,766.6,Cash,2
ORD0509,19-11-2025,Kenneth Franco,Johnsonmouth,East,Groceries,Rice,3,2223.3,185.91,Net Banking,3
ORD0510,21-04-2025,Sarah Perez,Lake Timothy,East,Clothing,T-Shirt,7,675.08,61.32,Net Banking,1
ORD0511,12-05-2025,Cindy Wilson,North Markstad,East,Groceries,Snacks,5,1932.62,367.37,UPI,4
ORD0512,29-11-2025,Jacob Flynn,Nicoleside,South,Electronics,Headphones,10,1155,224.04,Card,3
ORD0513,27-05-2025,Harry Reyes,East Jennifer,West,Clothing,Shoes,8,4470.24,649.38,Cash,2
ORD0514,06-02-2025,Dawn Strong,West Kathryn,North,Clothing,Shoes,10,2943.86,771.95,Cash,3
ORD0515,06-11-2025,Lauren Roy,Albertborough,West,Furniture,Sofa,6,3334.46,758.95,Card,4
ORD0516,06-03-2025,Julie Berry,Carsonburgh,South,Clothing,Shoes,7,1003.13,264.38,Card,1
ORD0517,31-08-2025,William Obrien,Jeremybury,North,Furniture,Desk,7,694.44,45.8,UPI,4
ORD0518,19-07-2025,Katherine Smith,Oconnorhaven,East,Electronics,Laptop,5,3166.89,225.1,Cash,2
ORD0519,15-01-2025,Regina Johnson,Lake Jeremytown,North,Clothing,Shoes,3,830.13,215.53,Card,3
ORD0520,11-03-2025,John Stewart,North Brandi,South,Groceries,Juice,9,4687.32,877.17,Net Banking,5
ORD0521,15-02-2025,Stephanie Dyer,Amberport,West,Groceries,Snacks,6,2511.93,268.23,Card,3
ORD0522,11-03-2025,Kara Mendoza,Rebeccaberg,East,Groceries,Snacks,3,1657.15,82.9,Card,4
ORD0523,30-05-2025,James Johnson,Wendyport,South,Electronics,Tablet,8,1638.13,395.55,UPI,5
ORD0524,08-05-2025,Diane Day,Stevensburgh,South,Clothing,Jeans,7,4434.38,706.29,Net Banking,4
ORD0525,10-11-2025,Cindy Tucker,New Anthonyport,East,Furniture,Sofa,2,2226.75,244.7,Card,5
ORD0526,29-05-2025,Dr. Tony Fuentes,South Mandy,North,Clothing,Shoes,4,4296.71,410.77,Net Banking,5
ORD0527,19-03-2025,Sean Lopez,Angelaborough,North,Groceries,Snacks,10,2561.58,333.42,UPI,2
ORD0528,05-01-2025,Laura Costa,Port Debraville,South,Electronics,Headphones,5,800.19,127.71,UPI,2
ORD0529,13-09-2025,Miss Lisa Saunders,Davismouth,East,Electronics,Tablet,4,1841.18,235.48,Net Banking,1
ORD0530,06-02-2025,Paul Miranda,West Jason,West,Clothing,T-Shirt,3,468.98,114.39,Cash,2
ORD0531,08-05-2025,Joseph Bernard,Baxterville,West,Clothing,Shoes,1,785.42,190.1,Net Banking,2
ORD0532,07-12-2025,Mr. Brian King,North Donna,South,Electronics,Mobile,8,3729.55,274.08,Net Banking,4
ORD0533,09-10-2025,Thomas Powell,Teresafort,North,Clothing,Jacket,3,3219.99,194.96,Card,4
ORD0534,22-04-2025,Kirk Fernandez,South Deborah,North,Clothing,Jeans,6,4460.09,1186,Cash,4
ORD0535,22-07-2025,Brian Weeks,Michaelville,South,Clothing,T-Shirt,3,4013.07,787.26,UPI,1
ORD0536,13-09-2025,Kevin Waters,New Jessica,North,Groceries,Milk,6,3899.83,437.49,Card,1
ORD0537,06-03-2025,Heidi Pierce,Alyssafort,West,Electronics,Headphones,3,3566.38,883.99,Cash,3
ORD0538,10-03-2025,Stephanie Morales,West Christopher,East,Clothing,Shoes,4,302.49,43.69,UPI,4
ORD0539,06-04-2025,Heather Ballard,Garnerburgh,East,Groceries,Snacks,9,3545.78,345.51,Card,4
ORD0540,15-05-2025,Zachary Houston,South Jasminville,East,Clothing,Jeans,2,2749.46,446.36,Net Banking,1
ORD0541,14-11-2025,Larry Montes,Port Sheryl,South,Groceries,Milk,1,3174.73,447.7,Card,1
ORD0542,20-03-2025,Brandon Butler,South Nancy,East,Groceries,Milk,9,3479.48,840.06,Card,4
ORD0543,08-03-2025,Shawn Bond,Lake Sheliamouth,South,Clothing,T-Shirt,2,2711.36,180.77,UPI,2
ORD0544,18-07-2025,Jessica Brewer,Kelseyview,West,Electronics,Tablet,4,674.02,129.92,Card,1
ORD0545,17-04-2025,Jackson Steele Jr.,East Misty,West,Clothing,Jeans,10,3645.66,194.21,UPI,4
ORD0546,08-07-2025,Alexandria Lopez,East Richardview,North,Electronics,Headphones,9,3768.69,1027.37,Card,5
ORD0547,23-09-2025,Andrew Terry,Kimberlytown,North,Electronics,Laptop,5,574.09,59.69,UPI,2
ORD0548,17-11-2025,Connor Wheeler,North Michaelton,South,Groceries,Milk,4,2725.72,305.8,Net Banking,1
ORD0549,03-04-2025,Joshua Rodriguez,Cummingsside,West,Clothing,Shoes,7,4437.56,406.93,Card,2
ORD0550,10-07-2025,Brandon Rivera,Deannastad,West,Groceries,Snacks,6,2840.39,849.88,Net Banking,3
ORD0551,11-05-2025,Alexa Peterson,Robertshire,East,Furniture,Desk,7,3875.4,1091.07,Net Banking,4
ORD0552,23-09-2025,Natalie Elliott,Barrettport,South,Groceries,Rice,1,4918.19,978.43,Card,1
ORD0553,20-12-2025,Ian Rodriguez,Brandiburgh,East,Clothing,Jeans,4,4307.46,238.74,Cash,1
ORD0554,26-10-2025,Jeffrey Mclean,Port Rebecca,South,Electronics,Tablet,6,949.31,110.35,Cash,3
ORD0555,09-02-2025,Peggy Roach,Barbaraland,East,Clothing,T-Shirt,10,2119.03,592.21,Net Banking,2
ORD0556,23-10-2025,Carla Moore,North Spencerburgh,West,Groceries,Rice,10,3282.82,194.81,UPI,1
ORD0557,27-04-2025,Charles Freeman,Rachelmouth,North,Clothing,Jacket,7,2199.3,587.12,Net Banking,1
ORD0558,15-09-2025,Jessica Kelly,New Frank,South,Clothing,T-Shirt,6,2791.66,243.98,Cash,1
ORD0559,10-08-2025,Brandon Sanchez,Lake Melissaland,East,Groceries,Juice,10,2961.22,214.75,Net Banking,2
ORD0560,08-10-2025,Daniel Mejia,Seanmouth,West,Furniture,Sofa,2,2484.1,587.06,Card,1
ORD0561,12-04-2025,Larry Watts,Port Megan,West,Groceries,Juice,3,3857.76,656.71,Net Banking,5
ORD0562,15-06-2025,Tommy Brooks,Lopezbury,North,Furniture,Desk,4,543.89,132.81,UPI,4
ORD0563,02-12-2025,Amy Reilly,Heathmouth,North,Groceries,Snacks,6,1114.35,151.7,Card,2
ORD0564,30-04-2025,Lauren Meza,Karenton,South,Clothing,Shoes,10,899.93,55.09,Card,2
ORD0565,17-03-2025,Michelle Green,Matthewshire,East,Electronics,Laptop,1,1366.63,280.5,UPI,3
ORD0566,03-10-2025,Amanda Ware,Carterton,South,Electronics,Headphones,8,2461.71,327.33,Cash,5
ORD0567,24-12-2025,Tyler Becker,Donaldport,North,Clothing,Shoes,10,3703.63,316.06,Net Banking,5
ORD0568,23-12-2025,Kristopher Jones,Bridgesside,East,Electronics,Headphones,3,488.53,48.94,UPI,4
ORD0569,04-12-2025,Teresa Gamble,West Christina,East,Electronics,Laptop,7,3369.79,727.02,UPI,1
ORD0570,30-12-2025,Patrick Pacheco,New Ralph,North,Clothing,Shoes,4,4903.01,868.5,Card,4
ORD0571,31-12-2025,Stephen Roberts,Jessicaton,North,Electronics,Mobile,4,2603.12,428.2,UPI,2
ORD0572,27-06-2025,Brian Johnson,Anneburgh,East,Clothing,Jacket,8,2088.32,186.39,Card,3
ORD0573,16-01-2025,Brianna Hill,Port Lori,East,Furniture,Sofa,1,3203.8,863.97,Cash,2
ORD0574,14-12-2025,Joshua Santos,West Samuel,South,Clothing,Shoes,3,621.42,90.45,Net Banking,2
ORD0575,05-10-2025,Zachary Swanson,Lake Jose,South,Furniture,Table,5,4566.73,604.28,Cash,2
ORD0576,11-03-2025,Joseph Hawkins,Smithville,West,Furniture,Desk,5,3504.95,962.67,Cash,5
ORD0577,02-03-2025,Jennifer Stevens,Kevinville,South,Furniture,Sofa,2,2875.23,825.62,Card,2
ORD0578,23-11-2025,Jeffrey Garrett,Meganland,East,Electronics,Headphones,7,4813.74,605.75,Cash,2
ORD0579,12-11-2025,Jennifer Hoover,Karenburgh,East,Electronics,Mobile,3,325.75,96.58,Cash,5
ORD0580,02-09-2025,Jacqueline Russell,Lake Taylor,South,Furniture,Desk,1,1924.45,427.3,Net Banking,3
ORD0581,26-04-2025,Debbie Blake,North Shawn,North,Furniture,Table,8,2474.47,225.04,Net Banking,1
ORD0582,15-04-2025,Terry Fletcher,East Timothy,North,Clothing,Shoes,4,3763.36,1117.95,Cash,4
ORD0583,22-01-2025,Aaron Smith,Sharonside,West,Groceries,Snacks,8,4460.42,699.79,Card,4
ORD0584,06-05-2025,Julia Reed,Lake David,West,Electronics,Laptop,8,2393.12,644.81,UPI,5
ORD0585,05-06-2025,Morgan Rogers,West Cameronland,East,Groceries,Rice,4,1597.66,238.87,Net Banking,2
ORD0586,14-03-2025,Caroline Davidson,Lake Denise,West,Groceries,Snacks,10,4611.36,1025.97,Net Banking,1
ORD0587,11-03-2025,Cameron Martin,Leahchester,West,Electronics,Mobile,10,4701.64,1053.3,Net Banking,3
ORD0588,14-04-2025,Charles Phillips,Zacharyland,West,Groceries,Rice,3,2377.67,651.85,UPI,3
ORD0589,21-11-2025,Ronald Swanson,Douglasborough,East,Clothing,Jeans,2,637.72,144.48,UPI,5
ORD0590,29-03-2025,Catherine Morse,Lake Alicia,East,Groceries,Milk,7,2841.66,173.27,Cash,2
ORD0591,17-08-2025,Angela Andrade,Colebury,East,Furniture,Desk,1,2213.99,282.02,Cash,1
ORD0592,23-08-2025,Stephanie Jenkins,West Jason,West,Furniture,Desk,1,3188.29,361.16,Net Banking,5
ORD0593,21-08-2025,Kim Brady,Velazquezchester,West,Electronics,Tablet,4,1240.99,266.65,Net Banking,1
ORD0594,17-04-2025,Julie Price,East Sarahmouth,North,Electronics,Mobile,9,1534.94,317.98,Cash,2
ORD0595,23-10-2025,Lauren Harrison,New Justin,East,Electronics,Headphones,1,897.8,52.17,Card,1
ORD0596,26-05-2025,Sean Nunez,Bellview,South,Electronics,Laptop,7,4969.93,448.95,Net Banking,5
ORD0597,14-07-2025,Crystal Castillo,Taylorside,North,Clothing,T-Shirt,2,3888.86,508.3,Net Banking,5
ORD0598,21-05-2025,Michelle Boyd,East Patricia,East,Electronics,Headphones,8,845.82,189.17,Net Banking,5
ORD0599,19-11-2025,Nicholas Evans,Robertbury,North,Furniture,Desk,10,479.29,92.43,Net Banking,5
ORD0600,22-10-2025,Nathaniel Jones,Ayalaside,East,Clothing,Shoes,10,4269.43,490.62,Cash,5
